"Title","Category","Priority","Status","Description","Effort","Dependencies","Source","Project","Due Date","Created"
"Webhook Signature Verification","SECURITY","P0-Critical","to_do","Validate Stripe and other webhook signatures","","None","ENTERPRISE_READINESS_CHECKLIST.csv","Rep Club","","12/2/2025"
"Input Validation Middleware","SECURITY","P0-Critical","to_do","Server-side validation for all API inputs","","None","ENTERPRISE_READINESS_CHECKLIST.csv","Rep Club","","12/2/2025"
"Password Policy Enhancement","SECURITY","P1-High","to_do","Enforce complexity requirements (uppercase/lowercase/number/special)","","None","ENTERPRISE_READINESS_CHECKLIST.csv","Rep Club","","12/2/2025"
"CORS Configuration Review","SECURITY","P2-Medium","in_progress","Restrict CORS to production domains only","","None","ENTERPRISE_READINESS_CHECKLIST.csv","Rep Club","","12/2/2025"
"Secret Management","SECURITY","P2-Medium","to_do","Move to Vault or AWS Secrets Manager","","None","ENTERPRISE_READINESS_CHECKLIST.csv","Rep Club","","12/2/2025"
"Security Headers Audit","SECURITY","P2-Medium","in_progress","Verify CSP/HSTS/X-Frame-Options in production","","None","ENTERPRISE_READINESS_CHECKLIST.csv","Rep Club","","12/2/2025"
"Error Tracking (Sentry)","MONITORING","P0-Critical","to_do","Implement Sentry for error monitoring and alerting","","None","ENTERPRISE_READINESS_CHECKLIST.csv","Rep Club","","12/2/2025"
"Structured Logging","MONITORING","P0-Critical","to_do","JSON logging with request IDs and correlation","","None","ENTERPRISE_READINESS_CHECKLIST.csv","Rep Club","","12/2/2025"
"APM Integration","MONITORING","P1-High","to_do","DataDog or New Relic for performance monitoring","","None","ENTERPRISE_READINESS_CHECKLIST.csv","Rep Club","","12/2/2025"
"Health Check Endpoints","MONITORING","P1-High","to_do","Liveness/readiness probes for all services","","None","ENTERPRISE_READINESS_CHECKLIST.csv","Rep Club","","12/2/2025"
"Uptime Monitoring","MONITORING","P1-High","to_do","External uptime monitoring with alerting","","None","ENTERPRISE_READINESS_CHECKLIST.csv","Rep Club","","12/2/2025"
"Database Query Monitoring","MONITORING","P1-High","to_do","Track slow queries and connection pool usage","","APM Integration","ENTERPRISE_READINESS_CHECKLIST.csv","Rep Club","","12/2/2025"
"Real-time Alerting","MONITORING","P1-High","to_do","PagerDuty/OpsGenie integration for incidents","","Error Tracking","ENTERPRISE_READINESS_CHECKLIST.csv","Rep Club","","12/2/2025"
"Custom Dashboards","MONITORING","P2-Medium","in_progress","Business and technical metrics dashboards","","APM Integration","ENTERPRISE_READINESS_CHECKLIST.csv","Rep Club","","12/2/2025"
"Log Aggregation","MONITORING","P2-Medium","to_do","CloudWatch or ELK for centralized logging","","Structured Logging","ENTERPRISE_READINESS_CHECKLIST.csv","Rep Club","","12/2/2025"
"OAuth Social Login","CORE_AUTH","P1-High","in_progress","Complete Google/GitHub/Apple OAuth integration","","None","ENTERPRISE_READINESS_CHECKLIST.csv","Rep Club","","12/2/2025"
"Magic Link Login","CORE_AUTH","P2-Medium","to_do","Passwordless email-based authentication","","None","ENTERPRISE_READINESS_CHECKLIST.csv","Rep Club","","12/2/2025"
"Password Reset Flow Enhancement","CORE_AUTH","P2-Medium","in_progress","Custom branded password reset emails","","None","ENTERPRISE_READINESS_CHECKLIST.csv","Rep Club","","12/2/2025"
"Account Lockout Policy","CORE_AUTH","P1-High","to_do","Lock accounts after failed login attempts","","None","ENTERPRISE_READINESS_CHECKLIST.csv","Rep Club","","12/2/2025"
"Login Audit Logging","CORE_AUTH","P1-High","to_do","Track all login attempts with IP/device info","","Audit Trail","ENTERPRISE_READINESS_CHECKLIST.csv","Rep Club","","12/2/2025"
"Session Management UI","CORE_AUTH","P2-Medium","to_do","Allow users to view/revoke active sessions","","None","ENTERPRISE_READINESS_CHECKLIST.csv","Rep Club","","12/2/2025"
"SSO/SAML Integration","CORE_AUTH","P3-Low","to_do","Enterprise SSO for large gym chains","","None","ENTERPRISE_READINESS_CHECKLIST.csv","Rep Club","","12/2/2025"
"Real Audit Trail System","AUDIT_TRAIL","P0-Critical","to_do","Replace mock audit data with actual event logging","","None","ENTERPRISE_READINESS_CHECKLIST.csv","Rep Club","","12/2/2025"
"User Action Logging","AUDIT_TRAIL","P0-Critical","to_do","Log all create/update/delete operations","","Real Audit Trail","ENTERPRISE_READINESS_CHECKLIST.csv","Rep Club","","12/2/2025"
"Admin Action Tracking","AUDIT_TRAIL","P0-Critical","to_do","Track all admin and privileged operations","","Real Audit Trail","ENTERPRISE_READINESS_CHECKLIST.csv","Rep Club","","12/2/2025"
"Data Access Logging","AUDIT_TRAIL","P1-High","to_do","Log access to sensitive member/payment data","","Real Audit Trail","ENTERPRISE_READINESS_CHECKLIST.csv","Rep Club","","12/2/2025"
"Audit Log Search/Export","AUDIT_TRAIL","P1-High","to_do","UI for searching and exporting audit logs","","Real Audit Trail","ENTERPRISE_READINESS_CHECKLIST.csv","Rep Club","","12/2/2025"
"Retention Policy","AUDIT_TRAIL","P2-Medium","to_do","Configurable audit log retention periods","","Real Audit Trail","ENTERPRISE_READINESS_CHECKLIST.csv","Rep Club","","12/2/2025"
"GDPR Data Export","COMPLIANCE","P0-Critical","to_do","Member data portability (download all data)","","None","ENTERPRISE_READINESS_CHECKLIST.csv","Rep Club","","12/2/2025"
"GDPR Right to Erasure","COMPLIANCE","P0-Critical","to_do","Complete data deletion workflow","","None","ENTERPRISE_READINESS_CHECKLIST.csv","Rep Club","","12/2/2025"
"Consent Management","COMPLIANCE","P0-Critical","to_do","Track and manage marketing/data processing consent","","None","ENTERPRISE_READINESS_CHECKLIST.csv","Rep Club","","12/2/2025"
"Privacy Policy Integration","COMPLIANCE","P1-High","to_do","Display and track privacy policy acceptance","","None","ENTERPRISE_READINESS_CHECKLIST.csv","Rep Club","","12/2/2025"
"Terms of Service Integration","COMPLIANCE","P1-High","to_do","Display and track ToS acceptance","","None","ENTERPRISE_READINESS_CHECKLIST.csv","Rep Club","","12/2/2025"
"CCPA Compliance","COMPLIANCE","P1-High","to_do","California privacy law opt-out mechanism","","GDPR Features","ENTERPRISE_READINESS_CHECKLIST.csv","Rep Club","","12/2/2025"
"Data Processing Agreement","COMPLIANCE","P1-High","to_do","DPA template for enterprise customers","","None","ENTERPRISE_READINESS_CHECKLIST.csv","Rep Club","","12/2/2025"
"Cookie Consent Banner","COMPLIANCE","P1-High","to_do","GDPR-compliant cookie consent","","None","ENTERPRISE_READINESS_CHECKLIST.csv","Rep Club","","12/2/2025"
"Subprocessor List","COMPLIANCE","P2-Medium","to_do","Document all third-party data processors","","None","ENTERPRISE_READINESS_CHECKLIST.csv","Rep Club","","12/2/2025"
"Data Retention Policy","COMPLIANCE","P2-Medium","to_do","Define and enforce data retention periods","","None","ENTERPRISE_READINESS_CHECKLIST.csv","Rep Club","","12/2/2025"
"SOC 2 Preparation","COMPLIANCE","P3-Low","to_do","Documentation and controls for SOC 2 audit","","All Security Items","ENTERPRISE_READINESS_CHECKLIST.csv","Rep Club","","12/2/2025"
"Failed Payment Retry Logic","BILLING","P1-High","in_progress","Automated retry with exponential backoff","","None","ENTERPRISE_READINESS_CHECKLIST.csv","Rep Club","","12/2/2025"
"Payment Reconciliation","BILLING","P1-High","to_do","Stripe webhook verification and reconciliation","","None","ENTERPRISE_READINESS_CHECKLIST.csv","Rep Club","","12/2/2025"
"Invoice PDF Generation","BILLING","P1-High","in_progress","Downloadable invoice PDFs","","None","ENTERPRISE_READINESS_CHECKLIST.csv","Rep Club","","12/2/2025"
"Proration Handling","BILLING","P1-High","in_progress","Mid-cycle plan changes with proration","","None","ENTERPRISE_READINESS_CHECKLIST.csv","Rep Club","","12/2/2025"
"Refund Processing","BILLING","P1-High","in_progress","Complete refund workflow with audit trail","","Audit Trail","ENTERPRISE_READINESS_CHECKLIST.csv","Rep Club","","12/2/2025"
"ACH/Bank Transfer Support","BILLING","P2-Medium","to_do","Alternative payment methods","","Stripe","ENTERPRISE_READINESS_CHECKLIST.csv","Rep Club","","12/2/2025"
"International Payments","BILLING","P2-Medium","to_do","Multi-currency support","","Stripe","ENTERPRISE_READINESS_CHECKLIST.csv","Rep Club","","12/2/2025"
"Tax Calculation","BILLING","P2-Medium","to_do","Automatic tax calculation by region","","None","ENTERPRISE_READINESS_CHECKLIST.csv","Rep Club","","12/2/2025"
"Dunning Management","BILLING","P1-High","to_do","Automated failed payment communication","","None","ENTERPRISE_READINESS_CHECKLIST.csv","Rep Club","","12/2/2025"
"Revenue Recognition","BILLING","P3-Low","to_do","Deferred revenue tracking","","None","ENTERPRISE_READINESS_CHECKLIST.csv","Rep Club","","12/2/2025"
"Image Upload Optimization","MEDIA","P1-High","in_progress","Resize/compress images on upload","","None","ENTERPRISE_READINESS_CHECKLIST.csv","Rep Club","","12/2/2025"
"CDN Configuration","MEDIA","P1-High","in_progress","Cloudflare image resizing and caching","","None","ENTERPRISE_READINESS_CHECKLIST.csv","Rep Club","","12/2/2025"
"Video Upload Support","MEDIA","P2-Medium","to_do","Member video uploads for progress tracking","","None","ENTERPRISE_READINESS_CHECKLIST.csv","Rep Club","","12/2/2025"
"File Size Limits","MEDIA","P1-High","to_do","Enforce upload size limits per file type","","None","ENTERPRISE_READINESS_CHECKLIST.csv","Rep Club","","12/2/2025"
"Media Gallery Component","MEDIA","P2-Medium","in_progress","Reusable media browsing/selection","","None","ENTERPRISE_READINESS_CHECKLIST.csv","Rep Club","","12/2/2025"
"Image Lazy Loading","MEDIA","P2-Medium","in_progress","Optimize image loading performance","","None","ENTERPRISE_READINESS_CHECKLIST.csv","Rep Club","","12/2/2025"
"Backup Verification","STORAGE","P1-High","to_do","Automated backup restoration testing","","None","ENTERPRISE_READINESS_CHECKLIST.csv","Rep Club","","12/2/2025"
"PITR Configuration","STORAGE","P1-High","to_do","Point-in-time recovery setup and testing","","None","ENTERPRISE_READINESS_CHECKLIST.csv","Rep Club","","12/2/2025"
"Multi-Region Replication","STORAGE","P3-Low","to_do","Database replication for enterprise tier","","None","ENTERPRISE_READINESS_CHECKLIST.csv","Rep Club","","12/2/2025"
"Data Export Automation","STORAGE","P2-Medium","to_do","Scheduled data exports for compliance","","None","ENTERPRISE_READINESS_CHECKLIST.csv","Rep Club","","12/2/2025"
"Storage Quotas","STORAGE","P2-Medium","to_do","Per-organization storage limits","","None","ENTERPRISE_READINESS_CHECKLIST.csv","Rep Club","","12/2/2025"
"Disaster Recovery Plan","STORAGE","P1-High","to_do","Documented DR procedures with RTO/RPO","","Backup Verification","ENTERPRISE_READINESS_CHECKLIST.csv","Rep Club","","12/2/2025"
"Document Template System","DOCUMENTS","P1-High","in_progress","Customizable templates for waivers/contracts","","None","ENTERPRISE_READINESS_CHECKLIST.csv","Rep Club","","12/2/2025"
"E-Signature Integration","DOCUMENTS","P1-High","to_do","DocuSign or native e-signature","","None","ENTERPRISE_READINESS_CHECKLIST.csv","Rep Club","","12/2/2025"
"Waiver Management","DOCUMENTS","P1-High","in_progress","Digital waiver signing and storage","","E-Signature","ENTERPRISE_READINESS_CHECKLIST.csv","Rep Club","","12/2/2025"
"Document Version Control","DOCUMENTS","P2-Medium","to_do","Track changes to contracts/policies","","None","ENTERPRISE_READINESS_CHECKLIST.csv","Rep Club","","12/2/2025"
"PDF Generation","DOCUMENTS","P1-High","in_progress","Generate contracts/reports as PDF","","None","ENTERPRISE_READINESS_CHECKLIST.csv","Rep Club","","12/2/2025"
"Document Search","DOCUMENTS","P2-Medium","to_do","Full-text search across documents","","None","ENTERPRISE_READINESS_CHECKLIST.csv","Rep Club","","12/2/2025"
"Email Bounce Handling","CRM","P1-High","to_do","Handle bounced emails and update status","","Email Integration","ENTERPRISE_READINESS_CHECKLIST.csv","Rep Club","","12/2/2025"
"Lead Source Tracking","CRM","P1-High","in_progress","Attribution tracking for marketing","","None","ENTERPRISE_READINESS_CHECKLIST.csv","Rep Club","","12/2/2025"
"Lead Scoring System","CRM","P2-Medium","in_progress","Automated lead qualification scoring","","None","ENTERPRISE_READINESS_CHECKLIST.csv","Rep Club","","12/2/2025"
"Pipeline Analytics","CRM","P1-High","in_progress","Conversion funnel analytics","","None","ENTERPRISE_READINESS_CHECKLIST.csv","Rep Club","","12/2/2025"
"Bulk Import Validation","CRM","P1-High","in_progress","Secure CSV import with validation","","None","ENTERPRISE_READINESS_CHECKLIST.csv","Rep Club","","12/2/2025"
"Duplicate Detection","CRM","P2-Medium","to_do","Detect and merge duplicate leads/members","","None","ENTERPRISE_READINESS_CHECKLIST.csv","Rep Club","","12/2/2025"
"CRM Export","CRM","P2-Medium","to_do","Export leads/members to external systems","","None","ENTERPRISE_READINESS_CHECKLIST.csv","Rep Club","","12/2/2025"
"Geofencing Check-in","GPS","P3-Low","to_do","Location-based automatic check-in","","Mobile App","ENTERPRISE_READINESS_CHECKLIST.csv","Rep Club","","12/2/2025"
"Location Analytics","GPS","P3-Low","to_do","Member location/proximity analytics","","Geofencing","ENTERPRISE_READINESS_CHECKLIST.csv","Rep Club","","12/2/2025"
"Multi-Location Distance","GPS","P3-Low","to_do","Distance to nearest gym location","","None","ENTERPRISE_READINESS_CHECKLIST.csv","Rep Club","","12/2/2025"
"Transactional Email Service","EMAIL","P0-Critical","in_progress","SendGrid/Resend integration","","None","ENTERPRISE_READINESS_CHECKLIST.csv","Rep Club","","12/2/2025"
"Email Template System","EMAIL","P1-High","in_progress","Customizable branded email templates","","Transactional Email","ENTERPRISE_READINESS_CHECKLIST.csv","Rep Club","","12/2/2025"
"Bulk Email Campaigns","EMAIL","P1-High","in_progress","Mass email with scheduling","","Email Templates","ENTERPRISE_READINESS_CHECKLIST.csv","Rep Club","","12/2/2025"
"Email Deliverability","EMAIL","P1-High","to_do","SPF/DKIM/DMARC configuration","","Email Service","ENTERPRISE_READINESS_CHECKLIST.csv","Rep Club","","12/2/2025"
"Unsubscribe Management","EMAIL","P0-Critical","to_do","CAN-SPAM compliant unsubscribe","","Email Service","ENTERPRISE_READINESS_CHECKLIST.csv","Rep Club","","12/2/2025"
"Email Analytics","EMAIL","P2-Medium","to_do","Open/click tracking","","Email Service","ENTERPRISE_READINESS_CHECKLIST.csv","Rep Club","","12/2/2025"
"Email Queue Management","EMAIL","P1-High","to_do","Reliable email queue with retry","","Email Service","ENTERPRISE_READINESS_CHECKLIST.csv","Rep Club","","12/2/2025"
"SMS Service Integration","SMS","P1-High","in_progress","Twilio/other SMS provider","","None","ENTERPRISE_READINESS_CHECKLIST.csv","Rep Club","","12/2/2025"
"SMS Template System","SMS","P1-High","in_progress","Customizable SMS templates","","SMS Service","ENTERPRISE_READINESS_CHECKLIST.csv","Rep Club","","12/2/2025"
"TCPA Compliance","SMS","P0-Critical","to_do","SMS consent and opt-out handling","","SMS Service","ENTERPRISE_READINESS_CHECKLIST.csv","Rep Club","","12/2/2025"
"SMS Campaign Scheduling","SMS","P2-Medium","to_do","Scheduled bulk SMS","","SMS Templates","ENTERPRISE_READINESS_CHECKLIST.csv","Rep Club","","12/2/2025"
"Two-Way SMS","SMS","P2-Medium","to_do","Member SMS responses handling","","SMS Service","ENTERPRISE_READINESS_CHECKLIST.csv","Rep Club","","12/2/2025"
"Email Template Builder","TEMPLATES","P2-Medium","to_do","Drag-and-drop email builder","","Email Templates","ENTERPRISE_READINESS_CHECKLIST.csv","Rep Club","","12/2/2025"
"Contract Templates","TEMPLATES","P1-High","in_progress","Customizable membership contracts","","Document System","ENTERPRISE_READINESS_CHECKLIST.csv","Rep Club","","12/2/2025"
"Receipt Templates","TEMPLATES","P2-Medium","in_progress","Customizable payment receipts","","PDF Generation","ENTERPRISE_READINESS_CHECKLIST.csv","Rep Club","","12/2/2025"
"Report Templates","TEMPLATES","P2-Medium","to_do","Customizable report layouts","","None","ENTERPRISE_READINESS_CHECKLIST.csv","Rep Club","","12/2/2025"
"Workflow Engine","AUTOMATION","P1-High","to_do","Rule-based automation triggers","","None","ENTERPRISE_READINESS_CHECKLIST.csv","Rep Club","","12/2/2025"
"Scheduled Tasks","AUTOMATION","P1-High","to_do","Cron-based job scheduling","","None","ENTERPRISE_READINESS_CHECKLIST.csv","Rep Club","","12/2/2025"
"Drip Campaigns","AUTOMATION","P1-High","to_do","Automated email sequences","","Email Templates","ENTERPRISE_READINESS_CHECKLIST.csv","Rep Club","","12/2/2025"
"Member Lifecycle Automation","AUTOMATION","P1-High","to_do","Automated onboarding/renewal flows","","Workflow Engine","ENTERPRISE_READINESS_CHECKLIST.csv","Rep Club","","12/2/2025"
"Re-engagement Automation","AUTOMATION","P2-Medium","to_do","Win-back campaigns for churned members","","Drip Campaigns","ENTERPRISE_READINESS_CHECKLIST.csv","Rep Club","","12/2/2025"
"Birthday/Anniversary Automation","AUTOMATION","P2-Medium","to_do","Automated celebration messages","","Email/SMS","ENTERPRISE_READINESS_CHECKLIST.csv","Rep Club","","12/2/2025"
"AI Content Generation","AI","P2-Medium","in_progress","Marketing content generation","","None","ENTERPRISE_READINESS_CHECKLIST.csv","Rep Club","","12/2/2025"
"Churn Prediction","AI","P2-Medium","to_do","ML-based member churn prediction","","Analytics","ENTERPRISE_READINESS_CHECKLIST.csv","Rep Club","","12/2/2025"
"Revenue Forecasting","AI","P2-Medium","to_do","AI-powered revenue predictions","","Analytics","ENTERPRISE_READINESS_CHECKLIST.csv","Rep Club","","12/2/2025"
"Class Demand Prediction","AI","P2-Medium","to_do","Optimize class scheduling with AI","","Analytics","ENTERPRISE_READINESS_CHECKLIST.csv","Rep Club","","12/2/2025"
"Member Segmentation","AI","P3-Low","to_do","AI-driven member clustering","","Analytics","ENTERPRISE_READINESS_CHECKLIST.csv","Rep Club","","12/2/2025"
"Chatbot Integration","AI","P3-Low","to_do","AI support chatbot","","None","ENTERPRISE_READINESS_CHECKLIST.csv","Rep Club","","12/2/2025"
"Blog CMS","BLOG","P2-Medium","in_progress","Full blog content management","","None","ENTERPRISE_READINESS_CHECKLIST.csv","Rep Club","","12/2/2025"
"Blog Categories/Tags","BLOG","P2-Medium","in_progress","Content organization","","Blog CMS","ENTERPRISE_READINESS_CHECKLIST.csv","Rep Club","","12/2/2025"
"Blog SEO Optimization","BLOG","P2-Medium","in_progress","Meta tags/schema for blog posts","","Blog CMS","ENTERPRISE_READINESS_CHECKLIST.csv","Rep Club","","12/2/2025"
"Blog Analytics","BLOG","P3-Low","to_do","Per-post view/engagement tracking","","Blog CMS","ENTERPRISE_READINESS_CHECKLIST.csv","Rep Club","","12/2/2025"
"Blog Comments","BLOG","P3-Low","to_do","Moderated comment system","","Blog CMS","ENTERPRISE_READINESS_CHECKLIST.csv","Rep Club","","12/2/2025"
"Meta Tag Management","SEO","P1-High","in_progress","Dynamic meta tags per page","","None","ENTERPRISE_READINESS_CHECKLIST.csv","Rep Club","","12/2/2025"
"Schema.org Markup","SEO","P1-High","in_progress","Structured data for all pages","","None","ENTERPRISE_READINESS_CHECKLIST.csv","Rep Club","","12/2/2025"
"Open Graph Tags","SEO","P2-Medium","in_progress","Social sharing optimization","","None","ENTERPRISE_READINESS_CHECKLIST.csv","Rep Club","","12/2/2025"
"Canonical URLs","SEO","P2-Medium","to_do","Proper canonical URL handling","","None","ENTERPRISE_READINESS_CHECKLIST.csv","Rep Club","","12/2/2025"
"301 Redirects Management","SEO","P2-Medium","in_progress","URL redirect configuration","","None","ENTERPRISE_READINESS_CHECKLIST.csv","Rep Club","","12/2/2025"
"Core Web Vitals","SEO","P1-High","in_progress","LCP/FID/CLS optimization","","None","ENTERPRISE_READINESS_CHECKLIST.csv","Rep Club","","12/2/2025"
"Page Speed Optimization","SEO","P1-High","in_progress","Performance improvements for SEO","","None","ENTERPRISE_READINESS_CHECKLIST.csv","Rep Club","","12/2/2025"
"Bundle Size Monitoring","PERFORMANCE","P1-High","in_progress","Track and alert on bundle size","","None","ENTERPRISE_READINESS_CHECKLIST.csv","Rep Club","","12/2/2025"
"Image Optimization","PERFORMANCE","P2-Medium","in_progress","WebP conversion and lazy loading","","None","ENTERPRISE_READINESS_CHECKLIST.csv","Rep Club","","12/2/2025"
"Automated Test Pipeline","CICD","P0-Critical","to_do","Run tests on every PR","","Testing Framework","ENTERPRISE_READINESS_CHECKLIST.csv","Rep Club","","12/2/2025"
"Security Scanning","CICD","P1-High","to_do","OWASP dependency scanning","","None","ENTERPRISE_READINESS_CHECKLIST.csv","Rep Club","","12/2/2025"
"Dependency Scanning","CICD","P1-High","to_do","Snyk or similar for vulnerabilities","","None","ENTERPRISE_READINESS_CHECKLIST.csv","Rep Club","","12/2/2025"
"Branch Protection","CICD","P1-High","to_do","Require PR reviews and passing tests","","None","ENTERPRISE_READINESS_CHECKLIST.csv","Rep Club","","12/2/2025"
"Staging Environment","CICD","P1-High","to_do","Separate staging for testing","","None","ENTERPRISE_READINESS_CHECKLIST.csv","Rep Club","","12/2/2025"
"Automated Rollback","CICD","P1-High","to_do","Rollback on deployment failure","","None","ENTERPRISE_READINESS_CHECKLIST.csv","Rep Club","","12/2/2025"
"Smoke Tests","CICD","P1-High","to_do","Post-deployment verification","","E2E Tests","ENTERPRISE_READINESS_CHECKLIST.csv","Rep Club","","12/2/2025"
"Feature Flags","CICD","P2-Medium","to_do","LaunchDarkly or similar","","None","ENTERPRISE_READINESS_CHECKLIST.csv","Rep Club","","12/2/2025"
"Release Notes Automation","CICD","P3-Low","to_do","Auto-generate release notes","","None","ENTERPRISE_READINESS_CHECKLIST.csv","Rep Club","","12/2/2025"
"Global Error Boundary","ERROR_HANDLING","P1-High","in_progress","Catch and report React errors","","Error Tracking","ENTERPRISE_READINESS_CHECKLIST.csv","Rep Club","","12/2/2025"
"API Error Standardization","ERROR_HANDLING","P1-High","to_do","Consistent error response format","","None","ENTERPRISE_READINESS_CHECKLIST.csv","Rep Club","","12/2/2025"
"Retry Logic","ERROR_HANDLING","P1-High","to_do","Exponential backoff for transient failures","","None","ENTERPRISE_READINESS_CHECKLIST.csv","Rep Club","","12/2/2025"
"Circuit Breaker Pattern","ERROR_HANDLING","P2-Medium","to_do","Prevent cascade failures","","None","ENTERPRISE_READINESS_CHECKLIST.csv","Rep Club","","12/2/2025"
"Graceful Degradation","ERROR_HANDLING","P2-Medium","to_do","Fallback for failed services","","None","ENTERPRISE_READINESS_CHECKLIST.csv","Rep Club","","12/2/2025"
"Error Recovery Flows","ERROR_HANDLING","P2-Medium","to_do","User-friendly error recovery","","None","ENTERPRISE_READINESS_CHECKLIST.csv","Rep Club","","12/2/2025"
"PWA Offline Support","MOBILE","P1-High","in_progress","Full offline capability","","None","ENTERPRISE_READINESS_CHECKLIST.csv","Rep Club","","12/2/2025"
"Push Notifications","MOBILE","P1-High","to_do","Mobile push notification support","","None","ENTERPRISE_READINESS_CHECKLIST.csv","Rep Club","","12/2/2025"
"Background Sync","MOBILE","P2-Medium","to_do","Sync data when back online","","PWA Offline","ENTERPRISE_READINESS_CHECKLIST.csv","Rep Club","","12/2/2025"
"App Store Deployment","MOBILE","P2-Medium","in_progress","PWA install optimization","","None","ENTERPRISE_READINESS_CHECKLIST.csv","Rep Club","","12/2/2025"
"Native Mobile App","MOBILE","P3-Low","to_do","iOS/Android native apps","","None","ENTERPRISE_READINESS_CHECKLIST.csv","Rep Club","","12/2/2025"
"Mailchimp Integration","INTEGRATIONS","P2-Medium","to_do","Marketing automation sync","","None","ENTERPRISE_READINESS_CHECKLIST.csv","Rep Club","","12/2/2025"
"QuickBooks Integration","INTEGRATIONS","P2-Medium","to_do","Accounting sync","","None","ENTERPRISE_READINESS_CHECKLIST.csv","Rep Club","","12/2/2025"
"ClassPass Integration","INTEGRATIONS","P2-Medium","to_do","Third-party booking platform","","None","ENTERPRISE_READINESS_CHECKLIST.csv","Rep Club","","12/2/2025"
"Gympass Integration","INTEGRATIONS","P2-Medium","to_do","Corporate wellness platform","","None","ENTERPRISE_READINESS_CHECKLIST.csv","Rep Club","","12/2/2025"
"Google Calendar Sync","INTEGRATIONS","P1-High","to_do","Two-way calendar sync","","None","ENTERPRISE_READINESS_CHECKLIST.csv","Rep Club","","12/2/2025"
"Zoom Integration","INTEGRATIONS","P2-Medium","to_do","Virtual class integration","","None","ENTERPRISE_READINESS_CHECKLIST.csv","Rep Club","","12/2/2025"
"Zapier Webhooks","INTEGRATIONS","P2-Medium","in_progress","Webhook triggers for Zapier","","None","ENTERPRISE_READINESS_CHECKLIST.csv","Rep Club","","12/2/2025"
"API Documentation","INTEGRATIONS","P1-High","to_do","Auto-generated API docs","","None","ENTERPRISE_READINESS_CHECKLIST.csv","Rep Club","","12/2/2025"
"SDK Development","INTEGRATIONS","P3-Low","to_do","JavaScript/Python SDKs","","API Documentation","ENTERPRISE_READINESS_CHECKLIST.csv","Rep Club","","12/2/2025"
"White-Label Customization","ENTERPRISE","P1-High","in_progress","Custom branding per organization","","None","ENTERPRISE_READINESS_CHECKLIST.csv","Rep Club","","12/2/2025"
"Corporate Account Management","ENTERPRISE","P2-Medium","in_progress","B2B gym membership handling","","None","ENTERPRISE_READINESS_CHECKLIST.csv","Rep Club","","12/2/2025"
"API Access Tiers","ENTERPRISE","P2-Medium","to_do","Rate limits by subscription tier","","Rate Limiting","ENTERPRISE_READINESS_CHECKLIST.csv","Rep Club","","12/2/2025"
"Data Isolation Verification","ENTERPRISE","P1-High","to_do","Penetration test multi-tenant isolation","","None","ENTERPRISE_READINESS_CHECKLIST.csv","Rep Club","","12/2/2025"
"SLA Monitoring","ENTERPRISE","P2-Medium","to_do","Track and report on SLA compliance","","Monitoring","ENTERPRISE_READINESS_CHECKLIST.csv","Rep Club","","12/2/2025"
"Enterprise Support Ticketing","ENTERPRISE","P2-Medium","in_progress","Priority support system","","None","ENTERPRISE_READINESS_CHECKLIST.csv","Rep Club","","12/2/2025"
"API Reference Docs","DOCUMENTATION","P1-High","to_do","Complete API documentation","","None","ENTERPRISE_READINESS_CHECKLIST.csv","Rep Club","","12/2/2025"
"User Guide","DOCUMENTATION","P2-Medium","to_do","End-user documentation","","None","ENTERPRISE_READINESS_CHECKLIST.csv","Rep Club","","12/2/2025"
"Admin Guide","DOCUMENTATION","P2-Medium","to_do","Administrator documentation","","None","ENTERPRISE_READINESS_CHECKLIST.csv","Rep Club","","12/2/2025"
"Integration Guides","DOCUMENTATION","P2-Medium","to_do","Third-party integration docs","","None","ENTERPRISE_READINESS_CHECKLIST.csv","Rep Club","","12/2/2025"
"Developer Onboarding","DOCUMENTATION","P1-High","in_progress","New developer setup guide","","None","ENTERPRISE_READINESS_CHECKLIST.csv","Rep Club","","12/2/2025"
"Runbook","DOCUMENTATION","P1-High","to_do","Operations runbook for incidents","","None","ENTERPRISE_READINESS_CHECKLIST.csv","Rep Club","","12/2/2025"
"Architecture Decision Records","DOCUMENTATION","P2-Medium","to_do","Document key technical decisions","","None","ENTERPRISE_READINESS_CHECKLIST.csv","Rep Club","","12/2/2025"